name of item,price,number of downloads,item URL
Digital Birthday Dinner Invitation. Editable Animated Video Dinner Party Invite In Black and Gold. Easy To Edit In Canva.  Send By Phone.,34.07,225,https://www.etsy.com/listing/1564035241/digital-birthday-dinner-invitation?click_key=2b878a43aaea88eb78d8aa87d89359114b8ca8ec%3A1564035241&click_sum=22473f5e&ga_order=most_relevant&ga_search_type=all&ga_view_type=gallery&ga_search_query=birthday+card+canva+template&ref=search_grid-505174-1-1&pro=1&bes=1&sts=1&dd=1
Building Blocks Birthday Invite Template | Editable via Canva | Instant Download,30.97,168,https://www.etsy.com/listing/1464877084/building-blocks-birthday-invite-template?click_key=99148714633d25f7a6d4377c5bad192dbcfd9063%3A1464877084&click_sum=938cd149&ga_order=most_relevant&ga_search_type=all&ga_view_type=gallery&ga_search_query=birthday+card+canva+template&ref=search_grid-505174-1-2&pro=1&bes=1&sts=1&dd=1
"Paris Birthday Card, Canva Template, Paris Invitation, Digital Birthday Card, Editable, Birthday Invitation Card, France, Personalizable",51.78,27,https://www.etsy.com/listing/1457740092/paris-birthday-card-canva-template-paris?click_key=d887c683a32ffc4a2de0150a9ae9d1569037f556%3A1457740092&click_sum=5fe21556&ga_order=most_relevant&ga_search_type=all&ga_view_type=gallery&ga_search_query=birthday+card+canva+template&ref=search_grid-505174-1-3&sts=1&dd=1
"Construction Invitation, Construction Birthday Invitations, Dump Truck Party Invite, Printable template Digital Instant download K1",14.17,1100,https://www.etsy.com/listing/1330889094/construction-invitation-construction?click_key=d19bc2231ed733e783fd76f880c5d9dab0ce8858%3A1330889094&click_sum=fefa46e6&ga_order=most_relevant&ga_search_type=all&ga_view_type=gallery&ga_search_query=birthday+card+canva+template&ref=search_grid-505174-1-4&pro=1&bes=1&sts=1&dd=1
"Greeting Card Drag & Drop Canva Template Bundle 5x7 4x6 and 4.75x4.75, Canva Template, Printable Card Template, Commercial Use Card Template",12.65,901,https://www.etsy.com/listing/1482391656/greeting-card-drag-drop-canva-template?click_key=f73a1f52d22f42e2f8f118bc116c5846b969bf9e%3A1482391656&click_sum=7e318b60&ga_order=most_relevant&ga_search_type=all&ga_view_type=gallery&ga_search_query=birthday+card+canva+template&ref=search_grid-505175-1-1&pro=1&sts=1&dd=1
Printable Greeting Card Canva Template Bundle 5x7 4x6 Editable Drag and Drop Canva Card Template Commercial Use Card Design A4 US Letter POD,17.44,7,https://www.etsy.com/listing/1552527198/printable-greeting-card-canva-template?click_key=cde5993c06c12ec2d35d4fb715c29dfaf44122b9%3A1552527198&click_sum=8db7ac88&ga_order=most_relevant&ga_search_type=all&ga_view_type=gallery&ga_search_query=birthday+card+canva+template&ref=search_grid-505175-1-2&pro=1&dd=1
"Drag and Drop Greeting Card Templates, Canva Template Bundle 5x7 4x6 and 4.75x4.75, Printable Card Template, Foldable Cards Instant Download",10.47,193,https://www.etsy.com/listing/1600857451/drag-and-drop-greeting-card-templates?click_key=2a85ce4a18a235b24ff8172946b2099c39722242%3A1600857451&click_sum=28f50019&ga_order=most_relevant&ga_search_type=all&ga_view_type=gallery&ga_search_query=birthday+card+canva+template&ref=search_grid-505175-1-3&pro=1&dd=1
"Drag and Drop Greeting Card Templates, Editable Canva Templates, Blank Templates, 4x6, 5x7, 4.75x4.75 Foldable Cards - Instant Download",16.82,470,https://www.etsy.com/listing/1438646848/drag-and-drop-greeting-card-templates?click_key=ed238b487b280d7f8c2e4804de26c674133c6195%3A1438646848&click_sum=7165ace0&ga_order=most_relevant&ga_search_type=all&ga_view_type=gallery&ga_search_query=birthday+card+canva+template&ref=search_grid-505175-1-4&pro=1&bes=1&sts=1&dd=1
"Greeting Card Drag & Drop Canva Templates Bundle, 4.75”x4.75”, 5”x7”, 4”x6”, Greeting Card, Printable, Blank Templates, Editable Canva Card",3.81,138,https://www.etsy.com/listing/1568701856/greeting-card-drag-drop-canva-templates?click_key=e6f8fde1c28fc769c24759f0d0ef8f923206d5ad%3A1568701856&click_sum=9ce5183f&ga_order=most_relevant&ga_search_type=all&ga_view_type=gallery&ga_search_query=birthday+card+canva+template&ref=search_grid-505175-1-5&pro=1&dd=1
"Drag and Drop Greeting Card Templates, Editable Canva Templates, Blank Templates, 3x4, 3x5, 4x5, 4x6, 5x7, 4.75x4.75 Foldable Cards Download",22.63,470,https://www.etsy.com/listing/1484277917/drag-and-drop-greeting-card-templates?click_key=3c82a5e0eaa69d7f2d3c5e165c0c0d07aedf019c%3A1484277917&click_sum=030c12e2&ga_order=most_relevant&ga_search_type=all&ga_view_type=gallery&ga_search_query=birthday+card+canva+template&ref=search_grid-505175-1-6&pro=1&sts=1&dd=1
A2 Greeting Card Template | Canva Template | Customize | Editable Canva Template | Stationery Template,19.05,52,https://www.etsy.com/listing/1289489803/a2-greeting-card-template-canva-template?click_key=8b407bec8c058d2bfb02c389b41cc324f2f8464c%3A1289489803&click_sum=5782c7c7&ga_order=most_relevant&ga_search_type=all&ga_view_type=gallery&ga_search_query=birthday+card+canva+template&ref=search_grid-505175-1-7&dd=1
Canva Digital 5x7 Greeting Card Template for Etsy Sellers - Easily create the PDF Templates ready for your customer to download!,12.65,58,https://www.etsy.com/listing/1528387827/canva-digital-5x7-greeting-card-template?click_key=e7a14e659e87bfd21c25b9d49851bdf6863f2482%3A1528387827&click_sum=2fda2ed6&ga_order=most_relevant&ga_search_type=all&ga_view_type=gallery&ga_search_query=birthday+card+canva+template&ref=search_grid-505175-1-8&pro=1&dd=1
"Confetti Party Invitation, It's Party Time, Colorful Invite, Simple Birthday Invitations, Editable Printable Template, instant Download",12.41,423,https://www.etsy.com/listing/1411335209/confetti-party-invitation-its-party-time?click_key=d9a50338e59424df2d3d45d464ee2d46c375aeeb%3A1411335209&click_sum=0fe01127&ga_order=most_relevant&ga_search_type=all&ga_view_type=gallery&ga_search_query=birthday+card+canva+template&ref=search_grid-725774-1-5&pro=1&sts=1&dd=1
"Sonic Birthday Template, Sonic The Hedgehog, Printable Birthday Invite, Sonic Party Digital Invite, Kids Party, Sonic Birthday Invitation",77.63,77,https://www.etsy.com/listing/1565854820/sonic-birthday-template-sonic-the?click_key=28859aae6acc48944817825829010d275447a13e%3A1565854820&click_sum=b95f93f6&ga_order=most_relevant&ga_search_type=all&ga_view_type=gallery&ga_search_query=birthday+card+canva+template&ref=search_grid-725774-1-6&bes=1&dd=1
"Roblox Birthday Invitation, Roblox Game Party, Roblox Invitation, Kids Roblox Invite, Printable Editable Template Canva, Instant Download",14.51,22,https://www.etsy.com/listing/1611872823/roblox-birthday-invitation-roblox-game?click_key=e3cf5f247e84289f75130f79f0af5d52f4f3f4ef%3A1611872823&click_sum=37ca7bb0&ga_order=most_relevant&ga_search_type=all&ga_view_type=gallery&ga_search_query=birthday+card+canva+template&ref=search_grid-725774-1-7&pro=1&dd=1
"Magazine Cover Template, Birthday Magazine Cover, Graduation Magazine Cover Template, Custom Magazine, Birthday Invitation, Birthday Flyer",34.93,20,https://www.etsy.com/listing/1449650930/magazine-cover-template-birthday?click_key=d1cbd746abbfbfc3b8e188c946623cb28d5bc120%3A1449650930&click_sum=1d8509c1&ga_order=most_relevant&ga_search_type=all&ga_view_type=gallery&ga_search_query=birthday+card+canva+template&ref=search_grid-725774-1-8&pro=1&sts=1&dd=1
Animated Photo Collage Birthday Card Template for Mobile Phone. Contemporary design. Editable Canva. Greeting E-Card Video,26.13,376,https://www.etsy.com/listing/1390438078/animated-photo-collage-birthday-card?click_key=e9b8ba032b7667c544b243f0d260f6ea549de5a3%3A1390438078&click_sum=8cc389a8&ga_order=most_relevant&ga_search_type=all&ga_view_type=gallery&ga_search_query=birthday+card+canva+template&ref=search_grid-725775-1-9&sts=1&dd=1
"Printable Birthday Card, Instant Download, Digital Greeting Card, Happy Birthday Card, Print at Home",6.79,16,https://www.etsy.com/listing/1576977768/printable-birthday-card-instant-download?click_key=c3a539b4a55374293a0a222bad03aa8da5c55d18%3A1576977768&click_sum=221c1774&ga_order=most_relevant&ga_search_type=all&ga_view_type=gallery&ga_search_query=birthday+card+canva+template&ref=search_grid-725775-1-10&pro=1&dd=1
"Greeting Card Template Bundle for 5x7 4x6 and 4.75x4.75, Canva Template, Drag and drop, Printable Card Template, 12 templates,Commercial Use",15.49,58,https://www.etsy.com/listing/1535311534/greeting-card-template-bundle-for-5x7?click_key=2abf1ffea8b166041493c8fc80541e730e44ec5d%3A1535311534&click_sum=c5c5dfc0&ga_order=most_relevant&ga_search_type=all&ga_view_type=gallery&ga_search_query=birthday+card+canva+template&ref=search_grid-725775-1-11&sts=1&dd=1
Custom Birthday Card Canva Template for Birthday Card Template Online Printable Instant Download Birthday Card Photo Custom Card Birthday,2.95,14,https://www.etsy.com/listing/1465239744/custom-birthday-card-canva-template-for?click_key=204894781b09e217728048c4259a5d247a6b89ec%3A1465239744&click_sum=b3fb6eb5&ga_order=most_relevant&ga_search_type=all&ga_view_type=gallery&ga_search_query=birthday+card+canva+template&ref=search_grid-725775-1-12&pro=1&dd=1
"Printable Birthday Card, Instant Download, Digital Greeting Card, Happy Birthday Card, Print at Home",6.79,16,https://www.etsy.com/listing/1555650429/printable-birthday-card-instant-download?click_key=50a2a83443f3f5ded79f761d9878a16b0d61dfe3%3A1555650429&click_sum=b4db55d7&ga_order=most_relevant&ga_search_type=all&ga_view_type=gallery&ga_search_query=birthday+card+canva+template&ref=search_grid-725775-1-13&pro=1&bes=1&dd=1
Instagram UI-Inspired Customizable Business Card Template | Editable Canva Design | Unique & Modern Networking Card | QR Code | PDF Guide,7.77,72,https://www.etsy.com/listing/1465326233/instagram-ui-inspired-customizable?click_key=96bb763cdf729bc8bbf6f157d9e101485ad14592%3A1465326233&click_sum=d2651290&ga_order=most_relevant&ga_search_type=all&ga_view_type=gallery&ga_search_query=birthday+card+canva+template&ref=search_grid-725775-1-14&bes=1&dd=1
"Drag and Drop Greeting Card Templates, Editable Canva Templates, Blank Templates, 4x6, 5x7, 4.75x4.75 Blank Foldable Cards, Instant Download",9.33,512,https://www.etsy.com/listing/1491024177/drag-and-drop-greeting-card-templates?click_key=2c9e0c154a9a20607c95601ed7f583c7f1f4ff57%3A1491024177&click_sum=39ce6b05&ga_order=most_relevant&ga_search_type=all&ga_view_type=gallery&ga_search_query=birthday+card+canva+template&ref=search_grid-725775-1-15&pro=1&dd=1
Animated Birthday Card Template for Mobile Phone. Contemporary Birthday Cake Design. Editable Canva. Greeting E-Card Video,26.13,376,https://www.etsy.com/listing/1394595444/animated-birthday-card-template-for?click_key=db9fdd2b84e2d163e44cda401cfd7574f16d5ef6%3A1394595444&click_sum=24477499&ga_order=most_relevant&ga_search_type=all&ga_view_type=gallery&ga_search_query=birthday+card+canva+template&ref=search_grid-725775-1-16&sts=1&dd=1
"Save the Date Template, Download Custom Modern Simple Save the Date, Card Canva Printable Save our date invitation TS03",12.95,310,https://www.etsy.com/listing/1523380466/save-the-date-template-download-custom?click_key=2d23d0716868aa0b47f52a26150558799b6c8aba%3A1523380466&click_sum=79514b49&ga_order=most_relevant&ga_search_type=all&ga_view_type=gallery&ga_search_query=birthday+card+canva+template&ref=search_grid-725774-1-9&pro=1&dd=1
"Drag and Drop Greeting Card Template Set | 4x6, 5x7, and 4.75x4.75 Foldable Cards | Use on Canva and PNG | Instant Download",16.56,91,https://www.etsy.com/listing/1373032932/drag-and-drop-greeting-card-template-set?click_key=a06a62c5b372ee5d69743851697bd2603e3a355c%3A1373032932&click_sum=dd6c45e4&ga_order=most_relevant&ga_search_type=all&ga_view_type=gallery&ga_search_query=birthday+card+canva+template&ref=search_grid-725774-1-10&dd=1
Building Blocks Birthday Invitation | Building Bricks Kids Birthday Party Invite | Printable Editable Canva Template | Editable Invitation,17.31,4000,https://www.etsy.com/listing/1417181221/building-blocks-birthday-invitation?click_key=d0998ce880ebfd09c47e9bc9fbc8ad2f2355bfd8%3A1417181221&click_sum=6f1dff2a&ga_order=most_relevant&ga_search_type=all&ga_view_type=gallery&ga_search_query=birthday+card+canva+template&ref=search_grid-725774-1-11&bes=1&sts=1&dd=1
PLR Digital Planner | Hyperlinked 2024 Digital Planner Template | Canva Template Commercial License | Listing Mockup | plr digital product,69.91,1000,https://www.etsy.com/listing/1605372401/plr-digital-planner-hyperlinked-2024?click_key=fde6dc7d507ad651d071c76433a94f0a3a0325f2%3A1605372401&click_sum=e0d0742f&ga_order=most_relevant&ga_search_type=all&ga_view_type=gallery&ga_search_query=birthday+card+canva+template&ref=search_grid-725774-1-12&pro=1&dd=1
Editable Card Canva Template | Greeting Card Template | Customizable Card | Blank Card Template | Commercial License Canva Template,27.21,106,https://www.etsy.com/listing/1223049433/editable-card-canva-template-greeting?click_key=612f346fbfd39da82b946d8b6392e066414b7347%3A1223049433&click_sum=e40b0ac8&ga_order=most_relevant&ga_search_type=all&ga_view_type=gallery&ga_search_query=birthday+card+canva+template&ref=search_grid-725775-1-17&dd=1
"Editable Blank Card Templates for CANVA, 5""x7"" & 4""x6"", Foldable Card Templates, Digital Download Card Templates, Portrait Landscape",8.38,41,https://www.etsy.com/listing/1405398829/editable-blank-card-templates-for-canva?click_key=769a93bfbd8b3c899aad216db743a4fc7cde18fe%3A1405398829&click_sum=5481ff06&ga_order=most_relevant&ga_search_type=all&ga_view_type=gallery&ga_search_query=birthday+card+canva+template&ref=search_grid-725775-1-18&dd=1
"PRINTABLE EDITABLE Happy Birthday Card, Instant/Digital Download Greeting Card, PDF Card Template",7.91,688,https://www.etsy.com/listing/1183137412/printable-editable-happy-birthday-card?click_key=01c8487f25b233eeec75cec46beca37f97426d6d%3A1183137412&click_sum=68d25313&ga_order=most_relevant&ga_search_type=all&ga_view_type=gallery&ga_search_query=birthday+card+canva+template&ref=search_grid-725775-1-19&pro=1&dd=1
"Drag & Drop Greeting Card Templates | 4x6, 5x7, 4.75x4.75 Foldable Cards | Editable Canva Template | Blank Foldable Cards | Instant Download",34.01,117,https://www.etsy.com/listing/1458972662/drag-drop-greeting-card-templates-4x6?click_key=f0255c3a94fe5986fa77baf5b5898e0ee98b1445%3A1458972662&click_sum=878157a0&ga_order=most_relevant&ga_search_type=all&ga_view_type=gallery&ga_search_query=birthday+card+canva+template&ref=search_grid-725775-1-20&pro=1&sts=1&dd=1
"Open Heart 10 Instant Downloads in Black & White 2-SVG, 2-PNG, 2-EPS, 2-dxf, 2-jpg digital download",2.25,6800,https://www.etsy.com/listing/672541133/open-heart-10-instant-downloads-in-black?click_key=096b51b41bcfdcc1323fbf169cbf3c5d9fcc03b7%3A672541133&click_sum=71380383&ga_order=most_relevant&ga_search_type=all&ga_view_type=gallery&ga_search_query=birthday+card+canva+template&ref=search_grid-725775-1-21&pop=1&dd=1
"Editable Encanto Birthday Invitation Template, Encanto Invite, Encanto Party, Girls Birthday Invitation, Encanto Kids Party, Editable canva",9.1,222,https://www.etsy.com/listing/1582338331/editable-encanto-birthday-invitation?click_key=e6c6ad51543314ee8bec5c9a9ad80fb02a635893%3A1582338331&click_sum=7a6090db&ga_order=most_relevant&ga_search_type=all&ga_view_type=gallery&ga_search_query=birthday+card+canva+template&ref=search_grid-725775-1-22&pro=1&bes=1&dd=1
Greeting Card template - vertical and horizontal greeting card template || canva // almost free,7.77,287,https://www.etsy.com/listing/1506606822/greeting-card-template-vertical-and?click_key=21cf21d3584d1456375ad0220a2583fdd7908613%3A1506606822&click_sum=d15f0284&ga_order=most_relevant&ga_search_type=all&ga_view_type=gallery&ga_search_query=birthday+card+canva+template&ref=search_grid-725775-1-23&dd=1
"Greeting Card Template Bundle, Sizes 4x6/ 6x4 & 5x7/ 7x5, Foldable Cards, Open in Canva, Drag and Drop Your Design, Instant Download",8.5,26,https://www.etsy.com/listing/1383602180/greeting-card-template-bundle-sizes-4x6?click_key=a45f4bb0c5637488630b31acd7f56c3cd31be80a%3A1383602180&click_sum=2f5b7ea0&ga_order=most_relevant&ga_search_type=all&ga_view_type=gallery&ga_search_query=birthday+card+canva+template&ref=search_grid-725775-1-24&pro=1&dd=1
"Mario invitation, Printable birthday invite, editable invitation, girl birthday, mario bros party, video game invitation, super template",17.01,146,https://www.etsy.com/listing/1574366762/mario-invitation-printable-birthday?click_key=2820b7ab86262d267bf86988407c3456930c9f1a%3A1574366762&click_sum=e2f17bc6&ga_order=most_relevant&ga_search_type=all&ga_view_type=gallery&ga_search_query=birthday+card+canva+template&ref=search_grid-725774-1-13&pro=1&sts=1&dd=1
"DIY Canva Digital Soft Green Rainbow Party Invitation , Template , Electronic Birthday Invite , All Purpose , Mobile Phone Text Party Email",10.31,46,https://www.etsy.com/listing/1444710072/diy-canva-digital-soft-green-rainbow?click_key=754e8fdc8a7109c487038c93c83381ff3b007a6a%3A1444710072&click_sum=a90615e5&ga_order=most_relevant&ga_search_type=all&ga_view_type=gallery&ga_search_query=birthday+card+canva+template&ref=search_grid-725774-1-14&dd=1
Animated Photo Collage Birthday Card Template for Mobile Phone. Contemporary design. Editable Canva. Greeting E-Card Video,26.13,376,https://www.etsy.com/listing/1404550125/animated-photo-collage-birthday-card?click_key=0952e98284ee924b158b11921fab4b26b81c0ba7%3A1404550125&click_sum=2670aad4&ga_order=most_relevant&ga_search_type=all&ga_view_type=gallery&ga_search_query=birthday+card+canva+template&ref=search_grid-725774-1-15&sts=1&dd=1
eCARD Birthday Party Invitation for 18th 20th 30th 40th 50th | digital Whatsapp invitations | Personalized Animated Invitation Cards,47.54,630,https://www.etsy.com/listing/1317232632/ecard-birthday-party-invitation-for-18th?click_key=230a0c6dac4374be74fb2a88db01410de55f3ef6%3A1317232632&click_sum=a279a458&ga_order=most_relevant&ga_search_type=all&ga_view_type=gallery&ga_search_query=birthday+card+canva+template&ref=search_grid-725774-1-16&bes=1&sts=1&dd=1
"Printable Birthday Card, Birthday Card Downloadable, Birthday Card, We Heard There Was Cake, Two Sizes",4.93,1200,https://www.etsy.com/listing/862305079/printable-birthday-card-birthday-card?click_key=2c976899c4b645dd4fa99747deab9dd3f7192e15%3A862305079&click_sum=c08e4dfc&ga_order=most_relevant&ga_search_type=all&ga_view_type=gallery&ga_search_query=birthday+card+canva+template&ref=search_grid-725775-1-25&sts=1&dd=1
"Printable Birthday Card with Flowers, Floral Birthday Card, Printable Greeting Card, Print at Home",5.24,117,https://www.etsy.com/listing/1450713895/printable-birthday-card-with-flowers?click_key=cc5a42fdcc9474d3c0a13828d50fac0daf1366f1%3A1450713895&click_sum=091650bf&ga_order=most_relevant&ga_search_type=all&ga_view_type=gallery&ga_search_query=birthday+card+canva+template&ref=search_grid-725775-1-26&pro=1&bes=1&dd=1
"Greeting Card Drag & Drop Canva Template Bundle 5x7 4x6 and 4.75x4.75, Canva Template, Printable Card Template, Commercial Use Card Template",9.14,724,https://www.etsy.com/listing/1520771838/greeting-card-drag-drop-canva-template?click_key=692941b43fd484a3bf078fe14064b35bca74c22a%3A1520771838&click_sum=009c81f4&ga_order=most_relevant&ga_search_type=all&ga_view_type=gallery&ga_search_query=birthday+card+canva+template&ref=search_grid-725775-1-27&pro=1&sts=1&dd=1
Get Canva Pro for Lifetime / 100% Unlock All Pro Features/ Canva Pro Edu,13.85,7,https://www.etsy.com/listing/1554880825/get-canva-pro-for-lifetime-100-unlock?click_key=5f664b2e5a87ccf07b0d051556241151507d1119%3A1554880825&click_sum=38ba127e&ga_order=most_relevant&ga_search_type=all&ga_view_type=gallery&ga_search_query=birthday+card+canva+template&ref=search_grid-725775-1-28&pro=1&dd=1
"Canva Digital Greeting Card Mockups for Etsy Sellers - Easily create your listing images, with simple drag and drop templates!",20.18,58,https://www.etsy.com/listing/1514653882/canva-digital-greeting-card-mockups-for?click_key=e9a7c0d56f6d23a8fd9d1f0c64eec719f6dbe3f6%3A1514653882&click_sum=5f04d91c&ga_order=most_relevant&ga_search_type=all&ga_view_type=gallery&ga_search_query=birthday+card+canva+template&ref=search_grid-725775-1-29&pro=1&dd=1
"Canva Greeting Card Templates, Drag and Drop, 4x6 and 5x7 Foldable Cards",9.33,36,https://www.etsy.com/listing/1411489841/canva-greeting-card-templates-drag-and?click_key=2d45acc1370ba2b0c01870a7b4e657f4f2a81a7f%3A1411489841&click_sum=0deee1a5&ga_order=most_relevant&ga_search_type=all&ga_view_type=gallery&ga_search_query=birthday+card+canva+template&ref=search_grid-725775-1-30&pro=1&dd=1
"Drag and Drop Greeting Card Templates, A7 Printable Envelope Template, Editable Canva Template, Blank Templates, 5x7 Foldable Cards Download",13.94,470,https://www.etsy.com/listing/1493308910/drag-and-drop-greeting-card-templates-a7?click_key=61609d72bb0303593d538a7c373829949bd162a5%3A1493308910&click_sum=20cefea8&ga_order=most_relevant&ga_search_type=all&ga_view_type=gallery&ga_search_query=birthday+card+canva+template&ref=search_grid-725775-1-31&pro=1&sts=1&dd=1
"5""x7"" Invitation Card template, postcard, SVG, DXF, Ms Word docx, Png, Psd, 8.5""x11"" sheet, Canva, Printable, Instant Download",10.26,20200,https://www.etsy.com/listing/985719741/5x7-invitation-card-template-postcard?click_key=6daa6877faac00d5983ad76fc0cd822014e7da46%3A985719741&click_sum=d16b5927&ga_order=most_relevant&ga_search_type=all&ga_view_type=gallery&ga_search_query=birthday+card+canva+template&ref=search_grid-725775-1-32&pro=1&dd=1
Animated Photo Collage Birthday Card Template for Mobile Phone. Contemporary design. Editable Canva. Greeting E-Card Video,26.13,376,https://www.etsy.com/listing/1404550125/animated-photo-collage-birthday-card?click_key=dfeefbbdabbd2686dbe958574a0f4008eefb9206%3A1404550125&click_sum=236f5c6f&ga_order=most_relevant&ga_search_type=all&ga_view_type=gallery&ga_search_query=birthday+card+canva+template&ref=search_grid-725775-1-33&sts=1&dd=1
Drag and Drop Greeting Card Templates | 4x6 and 5x7 Foldable Cards | Use on Canva and PNG | Instant Download,11.39,91,https://www.etsy.com/listing/1338163165/drag-and-drop-greeting-card-templates?click_key=d5ba638113015f8d4658dd8df5bf28d44ce522ab%3A1338163165&click_sum=4ff4982f&ga_order=most_relevant&ga_search_type=all&ga_view_type=gallery&ga_search_query=birthday+card+canva+template&ref=search_grid-725775-1-34&dd=1
"Greeting Card Templates, 5x7 and 7x5, Foldable, Open in Canva, Drag and Drop Your Design, Instant Download",17.01,26,https://www.etsy.com/listing/1418038825/greeting-card-templates-5x7-and-7x5?click_key=48c7dab440f1648929cf888771572c10e0795a7c%3A1418038825&click_sum=49cb6817&ga_order=most_relevant&ga_search_type=all&ga_view_type=gallery&ga_search_query=birthday+card+canva+template&ref=search_grid-725775-1-35&dd=1
"Drag and Drop Greeting Card Template Set | 4x6, 5x7, and 4.75x4.75 Foldable Cards | Use on Canva and PNG | Instant Download",16.56,91,https://www.etsy.com/listing/1373032932/drag-and-drop-greeting-card-template-set?click_key=68db5f32fc57a6f44a8972f3b064c42826242198%3A1373032932&click_sum=afd72e34&ga_order=most_relevant&ga_search_type=all&ga_view_type=gallery&ga_search_query=birthday+card+canva+template&ref=search_grid-725775-1-36&dd=1
Happy Birthday Mom Card Printable Birthday day Card DIY Editable Canva Card Template Custom Photo Card for Mom Personalized Mothers day card,23.55,109,https://www.etsy.com/listing/1256462499/happy-birthday-mom-card-printable?click_key=021075c1fc961511f90f3f27327b14cf5aace1b0%3A1256462499&click_sum=f83e010e&ga_order=most_relevant&ga_search_type=all&ga_view_type=gallery&ga_search_query=birthday+card+canva+template&ref=search_grid-725775-1-37&pro=1&sts=1&dd=1
"Editable Encanto Birthday Invitation Template, Encanto Invite, Encanto Party, Girls Birthday Invitation, Encanto Kids Party, Editable Canva",9.1,222,https://www.etsy.com/listing/1567485356/editable-encanto-birthday-invitation?click_key=f1afd0b66b8817772b7da6c97430980709ada6c4%3A1567485356&click_sum=b5c1b920&ga_order=most_relevant&ga_search_type=all&ga_view_type=gallery&ga_search_query=birthday+card+canva+template&ref=search_grid-725775-1-38&pro=1&bes=1&dd=1
"Rainbow Birthday Invitation for Girls, Gold Stars Modern/Boho Rainbow, Fun Girls Birthday Invitation Template, Editable Printable Download",7.58,1200,https://www.etsy.com/listing/1403889846/rainbow-birthday-invitation-for-girls?click_key=4bab2429643f1d867cc4781f565d5681542ba994%3A1403889846&click_sum=7865cfa6&ga_order=most_relevant&ga_search_type=all&ga_view_type=gallery&ga_search_query=birthday+card+canva+template&ref=search_grid-725775-1-39&bes=1&sts=1&dd=1
"Editable Minecraft Birthday Invitation, Minecrafter birthday invitations, Minecraft Birthday Invitation, Gamer invitation, Editable Canva",9.87,66,https://www.etsy.com/listing/1576119048/editable-minecraft-birthday-invitation?click_key=c3f7e5f31e9e73914fb6835b659470111eee0465%3A1576119048&click_sum=e63e3978&ga_order=most_relevant&ga_search_type=all&ga_view_type=gallery&ga_search_query=birthday+card+canva+template&ref=search_grid-725775-1-40&bes=1&dd=1
Happy Birthday Card - DIGITAL Download - Printable Birthday Card Featuring Colorful Balloons - Printable Happy Birthday Card -Printable Card,7.72,116,https://www.etsy.com/listing/1553325189/happy-birthday-card-digital-download?click_key=4242e6e7f077720c73d9ad056be1dd90e2a36f9a%3A1553325189&click_sum=8b3541f0&ga_order=most_relevant&ga_search_type=all&ga_view_type=gallery&ga_search_query=birthday+card+canva+template&ref=search_grid-725775-1-41&pro=1&bes=1&sts=1&dd=1
Editable Card Canva Template | Greeting Card Template | Customizable Card | Blank Card Template | Commercial License Canva Template,27.21,106,https://www.etsy.com/listing/1299735295/editable-card-canva-template-greeting?click_key=f8fffb2dc6d7f8aab4ee1e33a73a7f3a645a5b2d%3A1299735295&click_sum=129f8c22&ga_order=most_relevant&ga_search_type=all&ga_view_type=gallery&ga_search_query=birthday+card+canva+template&ref=search_grid-725775-1-42&dd=1
"Printable Dog Birthday Card, Printable Birthday Card Funny, Digital Birthday Card from Dog, 5x7 Greeting Card, Printable Envelope",15.49,831,https://www.etsy.com/listing/1046469069/printable-dog-birthday-card-printable?click_key=f7b0160922fab120504a0da8099a5f815d8769ac%3A1046469069&click_sum=f5e0e121&ga_order=most_relevant&ga_search_type=all&ga_view_type=gallery&ga_search_query=birthday+card+canva+template&ref=search_grid-725775-1-43&sts=1&dd=1
"Business Card Template Design, Instagram Business Card, Beauty Artist Hair Nails Boutique Business Card Canva Template",6.35,1100,https://www.etsy.com/listing/1495818654/business-card-template-design-instagram?click_key=1a9cb968ae913786200b3417382d906096288ffa%3A1495818654&click_sum=2a688441&ga_order=most_relevant&ga_search_type=all&ga_view_type=gallery&ga_search_query=birthday+card+canva+template&ref=search_grid-725775-1-44&pro=1&bes=1&sts=1&dd=1
Editable Card Canva Template | Greeting Card Template | Customizable Card | Blank Card Template | Commercial License Canva Template,27.21,106,https://www.etsy.com/listing/1285839300/editable-card-canva-template-greeting?click_key=b2d5f77f8ef63c652de1716b17e213cf44e6e68a%3A1285839300&click_sum=d650aca5&ga_order=most_relevant&ga_search_type=all&ga_view_type=gallery&ga_search_query=birthday+card+canva+template&ref=search_grid-725775-1-45&dd=1
Editable Card template for Canva | Greeting card template | Blank card | Customizable card | Canva Card Template,19.39,71,https://www.etsy.com/listing/1400666527/editable-card-template-for-canva?click_key=3acaf5a8ed0f855061c2682d74cd8982d06db2ae%3A1400666527&click_sum=eeb484c3&ga_order=most_relevant&ga_search_type=all&ga_view_type=gallery&ga_search_query=birthday+card+canva+template&ref=search_grid-725775-1-46&pro=1&dd=1
"Birthday Card Template, Happy Birthday Card Canva Template, Print at Home Birthday Card",33.66,86,https://www.etsy.com/listing/1523470948/birthday-card-template-happy-birthday?click_key=e1b9c73d6d4830dfd67ea0bdbb54b08421fab2a0%3A1523470948&click_sum=bd471ccd&ga_order=most_relevant&ga_search_type=all&ga_view_type=gallery&ga_search_query=birthday+card+canva+template&ref=search_grid-725775-1-47&sts=1&dd=1
"Birthday Card, Canva Template Featuring Watercolor Forest Scene, Perfect for Celebrating Loved Ones, Great Birthday Gift",10.31,3,https://www.etsy.com/listing/1603212380/birthday-card-canva-template-featuring?click_key=b4bc71989d0aa0395961105450b002ba5c746dcd%3A1603212380&click_sum=2defd62a&ga_order=most_relevant&ga_search_type=all&ga_view_type=gallery&ga_search_query=birthday+card+canva+template&ref=search_grid-725775-1-48&pro=1&dd=1
