Name,Domain Link
Gamma,https://gamma.app/?utm_source=futurepedia&utm_medium=marketplace&utm_campaign=futurepedia
MarketingBlocks AI,https://questionreality--snapilabs.thrivecart.com/marketingblocks-bundle-unlimited/?ref=futurepedia
Jasper,https://jasper.ai?source=partner&fpr=futurepedia
Chapple,https://chapple.ai/?utm_source=futurepedia&utm_medium=marketplace&utm_campaign=futurepedia
Persuva,https://persuva.ai/?ref=futurepedia
Gizzmo AI,https://gizzmo.ai/?via=futurepedia
Cohesive,https://cohesive.so/?utm_source=listing&utm_medium=futurepediamay
Contents,https://contents.com/?utm_source=futurepedia&utm_medium=marketplace&utm_campaign=futurepedia
Rytr,https://rytr.me/?via=futurepedia
Yaara,https://yaara.ai/?via=futurepedia
Copy.ai,https://www.copy.ai?via=futurepedia
Writesonic,https://writesonic.com/chat?ref=futurepedia_io
Quickads,https://www.quickads.ai/?utm_source=futurepedia&utm_medium=marketplace&utm_campaign=futurepedia
Nimbus AI,https://nimbusweb.me/nimbus-ai/?utm_source=futurepedia&utm_medium=marketplace&utm_campaign=futurepedia
ReDoc,https://redoc.live/?ref=futurepedia
ToastyAI,https://toastyai.com/?via=futurepedia
Impulse AI,https://www.impulseai.io/?utm_source=futurepedia&utm_medium=marketplace&utm_campaign=futurepedia
Affilimatic,https://app.affilimatic.com/?via=futurepedia
BrandScript Generator,https://www.brandscriptgenerator.com/?utm_source=futurepedia&utm_medium=marketplace&utm_campaign=futurepedia
Storykube,https://www.storykube.com/?utm_source=futurepedia&utm_medium=marketplace&utm_campaign=futurepedia
ES.AI,https://esai.ai/?utm_source=futurepedia&utm_medium=marketplace&utm_campaign=futurepedia
Eloise,https://Eloise.ai?utm_source=futurepedia&utm_medium=marketplace&utm_campaign=futurepedia
Tugan.ai,https://www.tugan.ai/?utm_source=futurepedia&utm_medium=marketplace&utm_campaign=futurepedia
Pencil,https://www.trypencil.com?utm_source=futurepedia&utm_medium=marketplace&utm_campaign=futurepedia
Automata,https://byautomata.io?utm_source=futurepedia&utm_medium=marketplace&utm_campaign=futurepedia
Adcreative.ai,https://free-trial.adcreative.ai/futurepedia
Creaitor AI,https://www.creaitor.ai/?utm_source=futurepedia&utm_medium=marketplace&utm_campaign=futurepedia
Cowriter,https://cowriter.org/?utm_source=futurepedia&utm_medium=marketplace&utm_campaign=futurepedia
Copymatic,https://copymatic.ai?via=futurepedia
CopyMonkey,https://copymonkey.ai?via=futurepedia
Easy Peasy AI,https://easy-peasy.ai/?utm_source=futurepedia&utm_medium=marketplace&utm_campaign=futurepedia
Peppertype.ai,https://www.peppertype.ai/?utm_source=futurepedia&utm_medium=marketplace&utm_campaign=futurepedia
Hypotenuse ai,https://hypotenuse.ai/?via=futurepedia&ref=futurepedia
Shakespeare,https://shakespeare.ai/lp/start-for-free/?fpr=vivek45
AI Power,https://aipower.org/?utm_source=futurepedia&utm_medium=marketplace&utm_campaign=futurepedia
AiListz,https://ailistz.com/?utm_source=futurepedia&utm_medium=marketplace&utm_campaign=futurepedia
CareerPen,https://careerpen.org/?utm_source=futurepedia&utm_medium=marketplace&utm_campaign=futurepedia
IA Textos,https://iatextos.com/?utm_source=futurepedia&utm_medium=marketplace&utm_campaign=futurepedia
Opax,https://www.opax.ai/?utm_source=futurepedia&utm_medium=marketplace&utm_campaign=futurepedia
ITComms,https://ai.itcomms.io/?utm_source=futurepedia&utm_medium=marketplace&utm_campaign=futurepedia
WriteNow AI,https://writenowai.com/?utm_source=futurepedia&utm_medium=marketplace&utm_campaign=futurepedia
SmartBird,https://smartbird.ai/?utm_source=futurepedia&utm_medium=marketplace&utm_campaign=futurepedia
ToolsIT,https://toolsit.ai/?utm_source=futurepedia&utm_medium=marketplace&utm_campaign=futurepedia
ProsePilot,https://www.prosepilot.com/?utm_source=futurepedia&utm_medium=marketplace&utm_campaign=futurepedia
Phrasee,https://phrasee.co/?utm_source=futurepedia&utm_medium=marketplace&utm_campaign=futurepedia
EasyListing,https://easylisting.info/?utm_source=futurepedia&utm_medium=marketplace&utm_campaign=futurepedia
InfoGPT,https://www.infogpt.app/?utm_source=futurepedia&utm_medium=marketplace&utm_campaign=futurepedia
BlogMyVideo,https://www.blogmyvideo.com/?utm_source=futurepedia&utm_medium=marketplace&utm_campaign=futurepedia
Write Tone,https://writetone.com/?utm_source=futurepedia&utm_medium=marketplace&utm_campaign=futurepedia
Mark Copy AI,https://www.markcopy.ai/?utm_source=futurepedia&utm_medium=marketplace&utm_campaign=futurepedia
Writier,https://writier.io/?utm_source=futurepedia&utm_medium=marketplace&utm_campaign=futurepedia
Novus Writer,https://novuswriter.ai/?utm_source=futurepedia&utm_medium=marketplace&utm_campaign=futurepedia
Copylime,https://copylime.com/?utm_source=futurepedia&utm_medium=marketplace&utm_campaign=futurepedia
AIKit,https://getaikit.com/?utm_source=futurepedia&utm_medium=marketplace&utm_campaign=futurepedia
Jot,https://www.jotapp.tech/?utm_source=futurepedia&utm_medium=marketplace&utm_campaign=futurepedia
LeadScripts,https://leadscripts.co/?utm_source=futurepedia&utm_medium=marketplace&utm_campaign=futurepedia
Grafi.ai,https://www.grafi.ai/home?utm_source=futurepedia&utm_medium=marketplace&utm_campaign=futurepedia
Git18n,https://git18n.com/?utm_source=futurepedia&utm_medium=marketplace&utm_campaign=futurepedia
Moly,https://moly.ai/?utm_source=futurepedia&utm_medium=marketplace&utm_campaign=futurepedia
Ugcscripts,https://ugcscripts.com/?via=futurepedia
PropertyPen,https://try.magictools.ai/?utm_source=futurepedia&utm_medium=marketplace&utm_campaign=futurepedia
Spellbound,https://spellbound.cc/?utm_source=futurepedia&utm_medium=marketplace&utm_campaign=futurepedia
Productlisting,https://productlisting.ai/?utm_source=futurepedia&utm_medium=marketplace&utm_campaign=futurepedia
Aicontentfy,https://aicontentfy.com/?utm_source=futurepedia&utm_medium=marketplace&utm_campaign=futurepedia
My Virtual Media,https://play.google.com/store/apps/details?id=com.myvirtualmedia.igenius&utm_source=futurepedia&utm_medium=marketplace&utm_campaign=futurepedia
AI Assist by airfocus,https://airfocus.com/product/ai/?utm_source=futurepedia&utm_medium=marketplace&utm_campaign=futurepedia
CopyPilot,https://www.copypilot.io/?utm_source=futurepedia&utm_medium=marketplace&utm_campaign=futurepedia
Writechamp,https://writechamp.io/?utm_source=futurepedia&utm_medium=marketplace&utm_campaign=futurepedia
Golden Chat,https://golden.chat/?utm_source=futurepedia&utm_medium=marketplace&utm_campaign=futurepedia
Tailwind,https://www.tailwindapp.com/ghostwriter?utm_source=futurepedia&utm_medium=marketplace&utm_campaign=futurepedia
Grantboost,https://www.grantboost.io/?utm_source=futurepedia&utm_medium=marketplace&utm_campaign=futurepedia
Blog Smith,https://www.blogsmith.io/?utm_source=futurepedia&utm_medium=marketplace&utm_campaign=futurepedia
Relume,https://www.relumeipsum.com/?utm_source=futurepedia&utm_medium=marketplace&utm_campaign=futurepedia
Mindwrite Ai,https://mindwrite.ai/?utm_source=futurepedia&utm_medium=marketplace&utm_campaign=futurepedia
ClarityScribe AI,https://www.clarityscribe.com/freetrial?utm_source=futurepedia&utm_medium=marketplace&utm_campaign=futurepedia
FigGPT,https://www.olexdsgn.com/figgpt?utm_source=futurepedia&utm_medium=marketplace&utm_campaign=futurepedia
Grason,https://garson.io/?utm_source=futurepedia&utm_medium=marketplace&utm_campaign=futurepedia
WP Wand,https://wpwand.com/?utm_source=futurepedia&utm_medium=marketplace&utm_campaign=futurepedia
AiBlogAutomation,https://www.aiblogautomation.com/?utm_source=futurepedia&utm_medium=marketplace&utm_campaign=futurepedia
Wordmax,https://wordmax.ai/?utm_source=futurepedia&utm_medium=marketplace&utm_campaign=futurepedia
Ai Pakistani,https://aipakistani.com/?utm_source=futurepedia&utm_medium=marketplace&utm_campaign=futurepedia
Great Headlines,https://greatheadlines.ai/?utm_source=futurepedia&utm_medium=marketplace&utm_campaign=futurepedia
Riter,https://riter.app/?utm_source=futurepedia&utm_medium=marketplace&utm_campaign=futurepedia
GPT Mate,https://refiredesign.com/gptmate/?utm_source=futurepedia&utm_medium=marketplace&utm_campaign=futurepedia
Evercopy,https://www.evercopy.ai/?utm_source=futurepedia&utm_medium=marketplace&utm_campaign=futurepedia
Scribee,https://scribee.xyz/?utm_source=futurepedia&utm_medium=marketplace&utm_campaign=futurepedia
AiContentzy,https://aicontentzy.com/?utm_source=futurepedia&utm_medium=marketplace&utm_campaign=futurepedia
Superblog,https://superblog.ai/?utm_source=futurepedia&utm_medium=marketplace&utm_campaign=futurepedia
Instascribe,https://instascribe.app/?utm_source=futurepedia&utm_medium=marketplace&utm_campaign=futurepedia
WPGPT,https://wpaithemes.com/wpgpt/?utm_source=futurepedia&utm_medium=marketplace&utm_campaign=futurepedia
Henshu.ai,https://henshu.ai/?utm_source=futurepedia&utm_medium=marketplace&utm_campaign=futurepedia
ProductGPT,https://apps.shopify.com/productgpt?utm_source=futurepedia&utm_medium=marketplace&utm_campaign=futurepedia
SpellCopy,https://apps.apple.com/us/app/ai-writer/id1662248382?utm_source=futurepedia&utm_medium=marketplace&utm_campaign=futurepedia
AssistantPen,https://assistantpen.com/?utm_source=futurepedia&utm_medium=marketplace&utm_campaign=futurepedia
BookEdit,https://bookedit.cloud/?utm_source=futurepedia&utm_medium=marketplace&utm_campaign=futurepedia
AIWritingPal,https://aiwritingpal.com/?utm_source=futurepedia&utm_medium=marketplace&utm_campaign=futurepedia
Templify.ai,https://templify.ai/?utm_source=futurepedia&utm_medium=marketplace&utm_campaign=futurepedia
Logicballs,https://logicballs.com/?utm_source=futurepedia&utm_medium=marketplace&utm_campaign=futurepedia
Evogage,https://www.evogage.xyz/?utm_source=futurepedia&utm_medium=marketplace&utm_campaign=futurepedia
The Drive AI,https://thedrive.ai/?utm_source=futurepedia&utm_medium=marketplace&utm_campaign=futurepedia
Marketing Co-Pilot AI,https://founderpal.ai/?utm_source=futurepedia&utm_medium=marketplace&utm_campaign=futurepedia
Grammar Checker,https://studycrumb.com/grammar-checker?utm_source=futurepedia&utm_medium=marketplace&utm_campaign=futurepedia
Aiwriter.fi,https://aiwriter.fi/?utm_source=futurepedia&utm_medium=marketplace&utm_campaign=futurepedia
CoMaker.ai,https://comaker.ai/?utm_source=futurepedia&utm_medium=marketplace&utm_campaign=futurepedia
JustBlog,https://justblog.ai/?utm_source=futurepedia&utm_medium=marketplace&utm_campaign=futurepedia
Avanya Content,https://content.theavanya.com/?utm_source=futurepedia&utm_medium=marketplace&utm_campaign=futurepedia
AI Cover Letter Generator,https://aicoverlettergenerator.me/?utm_source=futurepedia&utm_medium=marketplace&utm_campaign=futurepedia
GPT Minus 1,https://www.gptminus1.com/?utm_source=futurepedia&utm_medium=marketplace&utm_campaign=futurepedia
Octie,https://octie.ai/?utm_source=futurepedia&utm_medium=marketplace&utm_campaign=futurepedia
GravityWrite,https://gravitywrite.com/?utm_source=futurepedia&utm_medium=marketplace&utm_campaign=futurepedia
One Click Article Creator,https://www.buildai.space/app/meal-mate-guru-5e9ca?utm_source=futurepedia&utm_medium=marketplace&utm_campaign=futurepedia
GetBotz,https://www.getbotz.io/?utm_source=futurepedia&utm_medium=marketplace&utm_campaign=futurepedia
Webuters AI,https://wait.webuters.com/?utm_source=futurepedia&utm_medium=marketplace&utm_campaign=futurepedia
Wraith Scribe,https://www.wraithscribe.com/?utm_source=futurepedia&utm_medium=marketplace&utm_campaign=futurepedia
Podcast Marketing AI,https://podcastmarketing.ai/?utm_source=futurepedia&utm_medium=marketplace&utm_campaign=futurepedia
ClevopyAI,https://clevopy.ai/?utm_source=futurepedia&utm_medium=marketplace&utm_campaign=futurepedia
Wordspilot,https://wordspilot.com/?utm_source=futurepedia&utm_medium=marketplace&utm_campaign=futurepedia
Flapper.ai,https://flapper.ai/?utm_source=futurepedia&utm_medium=marketplace&utm_campaign=futurepedia
Netus AI,https://netus.ai/?utm_source=futurepedia&utm_medium=marketplace&utm_campaign=futurepedia
ContentGeni,https://contentgeni.com/?utm_source=futurepedia&utm_medium=marketplace&utm_campaign=futurepedia
Headlime,https://headlime.com/?utm_source=futurepedia&utm_medium=marketplace&utm_campaign=futurepedia
Adwrite,https://aigcdeep.com/?utm_source=futurepedia&utm_medium=marketplace&utm_campaign=futurepedia
Adcrafter.ai,https://adcrafter.ai/?utm_source=futurepedia&utm_medium=marketplace&utm_campaign=futurepedia
TurnCage,https://turncage.com/?utm_source=futurepedia&utm_medium=marketplace&utm_campaign=futurepedia
CopyGen,https://copygen.pro/?utm_source=futurepedia&utm_medium=marketplace&utm_campaign=futurepedia
ChatronAI,https://chatronai.com/?utm_source=futurepedia&utm_medium=marketplace&utm_campaign=futurepedia
Articly,https://articly.ai/?utm_source=futurepedia&utm_medium=marketplace&utm_campaign=futurepedia
PeakGPT,https://peakgpt.ceobee.dev/?utm_source=futurepedia&utm_medium=marketplace&utm_campaign=futurepedia
GrammarGPT,https://www.grammar-gpt.com/?utm_source=futurepedia&utm_medium=marketplace&utm_campaign=futurepedia
Crear.ai,https://www.crear.ai/?utm_source=futurepedia&utm_medium=marketplace&utm_campaign=futurepedia
Content Generator,https://icerik.ekayazilim.com.tr/?utm_source=futurepedia&utm_medium=marketplace&utm_campaign=futurepedia
RiteBot ,https://ritebot.thesamur.ai/?utm_source=futurepedia&utm_medium=marketplace&utm_campaign=futurepedia
Article Factory,https://article-factory.com/?utm_source=futurepedia&utm_medium=marketplace&utm_campaign=futurepedia
Krater.AI,https://www.krater.ai/?utm_source=futurepedia&utm_medium=marketplace&utm_campaign=futurepedia
QuickPenAI,https://quickpenai.com/?utm_source=futurepedia&utm_medium=marketplace&utm_campaign=futurepedia
Nando AI,https://nando.ai/?utm_source=futurepedia&utm_medium=marketplace&utm_campaign=futurepedia
Epagestore.ai,https://epagestore.ai/?utm_source=futurepedia&utm_medium=marketplace&utm_campaign=futurepedia
WriteMeAI,https://writeme.ai/?utm_source=futurepedia&utm_medium=marketplace&utm_campaign=futurepedia
Maker ai,https://app.maker.ai/?utm_source=futurepedia&utm_medium=marketplace&utm_campaign=futurepedia
Atlancer AI,https://atlancer.ai/?utm_source=futurepedia&utm_medium=marketplace&utm_campaign=futurepedia
NovelFlow AI,https://novelflow.ai?utm_source=futurepedia&utm_medium=marketplace&utm_campaign=futurepedia
AiProlific,https://aiprolific.com/?utm_source=futurepedia&utm_medium=marketplace&utm_campaign=futurepedia
Adout.ai,https://adout.ai?utm_source=futurepedia&utm_medium=marketplace&utm_campaign=futurepedia
Briefly,https://www.trybriefly.com?utm_source=futurepedia&utm_medium=marketplace&utm_campaign=futurepedia
SmartWriteAI,https://smartwriteai.com?utm_source=futurepedia&utm_medium=marketplace&utm_campaign=futurepedia
Co-Writer AI,https://www.co-writer.ai?utm_source=futurepedia&utm_medium=marketplace&utm_campaign=futurepedia
Jeda.ai,https://www.jeda.ai/?utm_source=futurepedia&utm_medium=marketplace&utm_campaign=futurepedia
Wpaibot,https://wpaibot.com?utm_source=futurepedia&utm_medium=marketplace&utm_campaign=futurepedia
Hushl,https://hushl.in?utm_source=futurepedia&utm_medium=marketplace&utm_campaign=futurepedia
AutoWrite App,https://autowrite.app?utm_source=futurepedia&utm_medium=marketplace&utm_campaign=futurepedia
Moredeal AI Writer,https://www.mdc.ai?utm_source=futurepedia&utm_medium=marketplace&utm_campaign=futurepedia
Booltool,https://booltool.boolv.tech/?utm_source=booltool_li_post_84?utm_source=futurepedia&utm_medium=marketplace&utm_campaign=futurepedia
Autoblogging.ai,https://autoblogging.ai/?utm_source=futurepedia&utm_medium=marketplace&utm_campaign=futurepedia
Vid2txt,https://vid2txt.com?utm_source=futurepedia&utm_medium=marketplace&utm_campaign=futurepedia
Voil√†,https://www.getvoila.ai/?utm_source=futurepedia&utm_medium=marketplace&utm_campaign=futurepedia
WriteAI.Tech,https://writeai.tech/?utm_source=futurepedia&utm_medium=marketplace&utm_campaign=futurepedia
HeadlinesAI,https://headlinesai.pro/?utm_source=futurepedia&utm_medium=marketplace&utm_campaign=futurepedia
Embolden,https://embolden.co/?utm_source=futurepedia&utm_medium=marketplace&utm_campaign=futurepedia
Gerwin,https://gerwin.io/?utm_source=futurepedia&utm_medium=marketplace&utm_campaign=futurepedia
Jounce AI,https://www.jounce.ai?utm_source=futurepedia&utm_medium=marketplace&utm_campaign=futurepedia
Infomail.ai,https://www.infomail.ai?utm_source=futurepedia&utm_medium=marketplace&utm_campaign=futurepedia
Jaqnjil,https://jaqnjil.com/?utm_source=futurepedia&utm_medium=marketplace&utm_campaign=futurepedia#featuresom?utm_source=futurepedia&utm_medium=marketplace&utm_campaign=futurepedia
Wrytr AI,https://wrytr.org?utm_source=futurepedia&utm_medium=marketplace&utm_campaign=futurepedia
AI Majic,https://aimajic.com?utm_source=futurepedia&utm_medium=marketplace&utm_campaign=futurepedia
Content At Scale,https://contentatscale.ai/?utm_source=futurepedia&utm_medium=marketplace&utm_campaign=futurepedia
SnapGPT,https://snapgptai.com/?utm_source=futurepedia&utm_medium=marketplace&utm_campaign=futurepedia
Lebesgue,https://lebesgue.io?utm_source=futurepedia&utm_medium=marketplace&utm_campaign=futurepedia
Neuroflash,https://neuroflash.com/?utm_source=futurepedia&utm_medium=marketplace&utm_campaign=futurepedia
AI Word Guru,https://aiwordguru.com?utm_source=futurepedia&utm_medium=marketplace&utm_campaign=futurepedia
Optimo,https://askoptimo.com/?utm_source=futurepedia&utm_medium=marketplace&utm_campaign=futurepedia
Okaaaay,https://www.okaaaay.com?utm_source=futurepedia&utm_medium=marketplace&utm_campaign=futurepedia
Harpa.ai,https://harpa.ai/?utm_source=futurepedia&utm_medium=marketplace&utm_campaign=futurepedia
MagickPen,https://magickpen.com/?utm_source=futurepedia&utm_medium=marketplace&utm_campaign=futurepedia
Superflow Rewrite,https://www.usesuperflow.com/rewrite-chatgpt?utm_source=futurepedia&utm_medium=marketplace&utm_campaign=futurepedia
AI Screenwriter,https://aiscreenwriter.com/?utm_source=futurepedia&utm_medium=marketplace&utm_campaign=futurepedia
Blog Booster,https://blogbooster.ai/?utm_source=futurepedia&utm_medium=marketplace&utm_campaign=futurepedia
Yarnit,https://www.yarnit.app/?utm_source=futurepedia&utm_medium=marketplace&utm_campaign=futurepedia
Peachly AI,https://peachlyai.xyz/?utm_source=futurepedia&utm_medium=marketplace&utm_campaign=futurepedia
Post AI,https://www.postai.pro?utm_source=futurepedia&utm_medium=marketplace&utm_campaign=futurepedia
Newswriter.ai,https://newswriter.ai/?utm_source=futurepedia&utm_medium=marketplace&utm_campaign=futurepedia
Neuroflash,https://neuroflash.com/?utm_source=futurepedia&utm_medium=marketplace&utm_campaign=futurepedia
Sku Fetch,https://skufetch.com?utm_source=futurepedia&utm_medium=marketplace&utm_campaign=futurepedia
Writeseed,https://appsumo.8odi.net/ZQ4010
Linguix,https://appsumo.8odi.net/GmqrB6
Localio,https://localio.io?utm_source=futurepedia&utm_medium=marketplace&utm_campaign=futurepedia
AISEO,https://aiseo.ai/?fpr=futurepedia
Marmof,https://www.marmof.com?utm_source=futurepedia&utm_medium=marketplace&utm_campaign=futurepedia
Copypage,https://www.copypage.online/?utm_source=futurepedia&utm_medium=marketplace&utm_campaign=futurepedia
Seenapse,https://seenapse.ai?utm_source=futurepedia&utm_medium=marketplace&utm_campaign=futurepedia
TextCortex AI,https://textcortex.com/?via=futurepedia
WiziShop,https://wizishop.com/ai/?utm_source=futurepedia&utm_medium=marketplace&utm_campaign=futurepedia
Ocoya,https://www.ocoya.net/?utm_source=futurepedia&utm_medium=marketplace&utm_campaign=futurepedia
ParagraphAI,https://paragraphai.com/?utm_source=futurepedia&utm_medium=marketplace&utm_campaign=futurepedia
ArticleForge,https://www.articleforge.com/?ref=f29ac7
Unbound,https://www.unboundcontent.ai/?utm_source=futurepedia&utm_medium=marketplace&utm_campaign=futurepedia
Copysmith,https://copysmith.ai/?utm_source=futurepedia&utm_medium=marketplace&utm_campaign=futurepedia
Typli,https://typli.ai/?utm_source=futurepedia&utm_medium=marketplace&utm_campaign=futurepedia
Lek,https://lek.ai/?utm_source=futurepedia&utm_medium=marketplace&utm_campaign=futurepedia
Anyword,https://anyword.com/?utm_source=futurepedia&utm_medium=marketplace&utm_campaign=futurepedia
HelloScribe,https://helloscribe.ai/?utm_source=futurepedia&utm_medium=marketplace&utm_campaign=futurepedia
Simplified,https://simplified.com/ai-writer/?utm_source=futurepedia&utm_medium=marketplace&utm_campaign=futurepedia
unbounce,https://unbounce.com/product/smart-copy//?utm_source=futurepedia&utm_medium=marketplace&utm_campaign=futurepedia
texti,https://texti.app/?utm_source=futurepedia&utm_medium=marketplace&utm_campaign=futurepedia
Daydrm.ai,https://www.daydrm.ai/?utm_source=futurepedia&utm_medium=marketplace&utm_campaign=futurepedia
Closers Copy,https://www.closerscopy.com/?utm_source=futurepedia&utm_medium=marketplace&utm_campaign=futurepedia
VEG3,https://veg3.ai/?utm_source=futurepedia&utm_medium=marketplace&utm_campaign=futurepedia
Botowski,https://www.botowski.com/?utm_source=futurepedia&utm_medium=marketplace&utm_campaign=futurepedia
Go Charlie,https://gocharlie.ai/?utm_source=futurepedia&utm_medium=marketplace&utm_campaign=futurepedia
Digital First AI,https://digitalfirst.ai/?utm_source=futurepedia&utm_medium=marketplace&utm_campaign=futurepedia
Bertha.ai,https://bertha.ai/?utm_source=futurepedia&utm_medium=marketplace&utm_campaign=futurepedia
